{
  "success": true,
  "job_id": "fb612516-88fc-4d4c-9241-ef69f34f00e4",
  "file_path": "text_to_stl_tests\\organic_apple_1760300035.stl",
  "file_size": 1287284,
  "file_hash": "25ad4a57665f1c52f07d009deffaa66066b23f43e1f31748b175f05b5a1e415f",
  "triangles": 25744,
  "bounding_box": {
    "min": [
      -0.9990577697753906,
      -0.9232391119003296,
      -0.03183598071336746
    ],
    "max": [
      0.9950012564659119,
      0.9175304770469666,
      0.448616623878479
    ],
    "dimensions": [
      1.9940590262413025,
      1.8407695889472961,
      0.48045260459184647
    ],
    "volume_estimate": 1.763550874623542
  },
  "prompt": "A realistic red apple with natural curves and organic shape",
  "dimensions": {
    "width": 40,
    "height": 45,
    "depth": 40
  },
  "timestamp": 1760300035.6870024,
  "test_date": "2025-10-12 23:13:55"
}